Iteration,Avg Throughput
999,0.608
1000,0.638
2000,0.6455
3000,0.7176666666666667
4000,0.77075
5000,0.8022
