Iteration,Avg Throughput
1000,0.443
2000,0.4695
3000,0.4833333333333333
4000,0.491
5000,0.5132
6000,0.5278333333333334
7000,0.5418571428571428
8000,0.560875
9000,0.5734444444444444
10000,0.5841
11000,0.5903636363636363
12000,0.60125
13000,0.6093076923076923
