d_t,greedy,dqn
1,38.484726688102896,47.45967741935484
2,38.1517058628685,46.533280507131536
3,37.04312384959243,48.17464562717304
4,38.19088792816761,47.96704400830598
5,39.13653679075052,0.0
6,38.63255876247237,0.0
7,38.16854678168547,0.0
8,37.3978381228579,0.0
9,37.72153598281418,0.0
