d_t,greedy,dqn
1,38.416304710992314,46.5916655571828
2,38.7609906705148,46.86305522604455
3,37.94577267263256,47.37716907120537
4,38.524807641284156,48.00369563782749
5,38.8015782786063,48.492311788590825
6,38.440519826724426,48.18102346849573
7,38.01075268817205,46.64849049075675
8,38.3405243942914,47.652613379438755
9,38.38705398593978,47.461028969023886
