P_avg,pdr
1,38.64692022887917
2,37.68988999476166
3,38.395094289858896
4,38.59352833885023
5,37.77821548158361
6,38.12336398416001
7,38.26132910556216
8,38.59967715899919
9,38.70340573880397
